Date&Time,Ozone,Nitric oxide,Nitrogen dioxide,PM10 particulate matter (Hourly measured),PM2.5 particulate matter (Hourly measured),
2023-12-01 01:00:00,18.02782,0.68321,12.61468,8.975,7.594,
2023-12-01 02:00:00,20.35614,0.12057,10.64647,8.65,6.863,
2023-12-01 03:00:00,22.90066,0.60283,8.58386,7.475,5.59,
2023-12-01 04:00:00,21.15442,0.33156,9.92293,6.8,5.354,
2023-12-01 05:00:00,20.20646,0.87411,10.42957,6.6,4.835,
2023-12-01 06:00:00,20.85507,0.69326,10.47608,6.325,4.41,
2023-12-01 07:00:00,16.41463,1.32624,13.61344,7,4.788,
2023-12-01 08:00:00,7.58366,19.17013,29.45545,8.55,6.179,
2023-12-01 09:00:00,1.54667,77.19293,42.863,11.225,8.184,
2023-12-01 10:00:00,5.63785,38.7321,37.17051,12.45,8.514,
2023-12-01 11:00:00,9.42968,27.70024,32.99239,13.525,7.335,
2023-12-01 12:00:00,13.9699,22.27473,30.46467,10.4,5.896,
2023-12-01 13:00:00,17.01334,16.45738,27.61463,10.05,5.448,
2023-12-01 14:00:00,29.78582,5.03367,17.5293,6.325,3.821,
2023-12-01 15:00:00,16.91356,9.52478,27.53621,11.9,7.076,
2023-12-01 16:00:00,9.72904,12.08683,32.56211,14.05,9.363,
2023-12-01 17:00:00,2.29506,35.95907,41.51476,19.675,14.882,
2023-12-01 18:00:00,1.29721,42.65053,39.47048,16.025,12.736,
2023-12-01 19:00:00,0.94796,23.78181,32.16943,15.9,12.618,
2023-12-01 20:00:00,1.09763,31.82965,32.70718,18.7,15.283,
2023-12-01 21:00:00,0.99785,35.4768,34.96154,18.15,13.986,
2023-12-01 22:00:00,1.14753,52.80829,32.84978,21.8,18.302,
2023-12-01 23:00:00,1.24731,48.0459,40.0597,22.35,18.16,
2023-12-02 00:00:00,1.49678,65.70894,42.60907,27.575,23.255,
2023-12-02 01:00:00,1.59656,61.37157,40.42767,30.75,25.944,
2023-12-02 02:00:00,1.39699,53.85587,43.27426,29.325,24.977,
2023-12-02 03:00:00,1.24731,39.00531,40.76668,24.625,21.061,
2023-12-02 04:00:00,1.14753,31.98194,44.24304,22.425,18.821,
2023-12-02 05:00:00,0.99785,25.9533,43.84022,20.125,17.099,
2023-12-02 06:00:00,0.99785,29.93221,42.03183,20.95,17.901,
2023-12-02 07:00:00,0.99785,35.08669,41.55951,22.125,19.01,
2023-12-02 08:00:00,0.99785,21.91411,39.64845,20.975,18.255,
2023-12-02 09:00:00,1.79613,15.58404,38.23082,18.925,16.038,
2023-12-02 10:00:00,6.88517,16.8802,35.55107,17.625,15.259,
2023-12-02 11:00:00,12.32345,24.68729,33.64237,20.475,17.995,
2023-12-02 12:00:00,14.46883,18.44764,25.48578,21.525,18.774,
2023-12-02 13:00:00,14.31915,19.65337,26.4987,17.9,15.66,
2023-12-02 14:00:00,8.33205,18.77922,31.39306,19.725,17.17,
2023-12-02 15:00:00,7.9828,14.19745,31.58725,17.525,14.976,
2023-12-02 16:00:00,7.48388,8.04824,31.60008,16.075,13.349,
2023-12-02 17:00:00,4.83957,5.45592,33.68251,14.9,12.642,
2023-12-02 18:00:00,4.44043,3.7679,32.02442,15.375,13.514,
2023-12-02 19:00:00,5.3385,2.86361,30.08775,17.725,15.519,
2023-12-02 20:00:00,6.18667,2.17031,28.01218,19.675,17.5,
2023-12-02 21:00:00,7.18452,1.89902,26.44344,18.85,16.793,
2023-12-02 22:00:00,10.27786,1.26601,22.65997,18.6,16.887,
2023-12-02 23:00:00,14.31915,0.96458,18.96811,17.8,15.873,
2023-12-03 00:00:00,18.41033,0.66315,16.47632,15.025,13.302,
2023-12-03 01:00:00,23.21664,0.48232,13.84569,13.15,12.146,
2023-12-03 02:00:00,23.61578,2.33119,15.50328,12.75,11.557,
2023-12-03 03:00:00,21.10453,0.5426,13.89172,16.325,14.976,
2023-12-03 04:00:00,18.80947,0.60289,15.2301,19.625,17.901,
2023-12-03 05:00:00,17.21291,1.23593,16.42878,19.55,18.019,
2023-12-03 06:00:00,16.11528,0.66318,16.52233,18.175,16.816,
2023-12-03 07:00:00,20.95485,0.5426,13.47631,16.1,14.835,
2023-12-03 08:00:00,17.9613,0.93449,13.29084,15.725,14.057,
2023-12-03 09:00:00,14.86797,1.29622,16.61327,15.25,13.538,
2023-12-03 10:00:00,14.71829,3.13505,18.40935,14.3,12.5,
2023-12-03 11:00:00,23.99829,2.89389,15.87131,12.4,11.109,
2023-12-03 12:00:00,28.28905,2.5623,14.48736,12.15,10.613,
2023-12-03 13:00:00,33.32819,1.47709,12.36654,12.25,10.66,
2023-12-03 14:00:00,33.37808,1.56752,12.92022,12.275,11.156,
2023-12-03 15:00:00,32.33034,1.26608,11.62851,14.9,11.958,
2023-12-03 16:00:00,33.07873,1.08521,10.19807,15.8,13.302,
2023-12-03 17:00:00,29.78582,0.75362,9.69108,14.925,12.736,
2023-12-03 18:00:00,28.38883,0.66318,11.16826,14.825,13.208,
2023-12-03 19:00:00,26.19356,0.60289,12.13766,15.575,13.821,
2023-12-03 20:00:00,28.88776,0.63304,11.07601,13.975,12.972,
2023-12-03 21:00:00,31.83142,0.5426,9.50691,11.85,10.826,
2023-12-03 22:00:00,33.17851,0.45217,7.61472,10.875,9.953,
2023-12-03 23:00:00,32.92905,0.36174,6.73796,10.3,9.387,
2023-12-04 00:00:00,34.52561,0.30145,5.76882,7.375,6.792,
2023-12-04 01:00:00,36.38826,0.28136,4.61492,6.5,6.061,
2023-12-04 02:00:00,38.25092,0.28136,5.10725,5.575,5.165,
2023-12-04 03:00:00,37.36948,0.36175,4.61474,5,4.481,
2023-12-04 04:00:00,39.71443,0.45219,3.96836,2.95,2.642,
2023-12-04 05:00:00,39.46497,0.33161,3.87632,2.175,1.698,
2023-12-04 06:00:00,40.06368,0.63307,3.69102,1.775,1.509,
2023-12-04 07:00:00,42.45852,0.57278,3.41422,1.225,0.943,
2023-12-04 08:00:00,40.21336,0.84409,5.72139,1.475,0.849,
2023-12-04 09:00:00,31.18281,1.9595,12.41143,4.225,2.264,
2023-12-04 10:00:00,24.74668,2.29111,15.68772,5.675,3.491,
2023-12-04 11:00:00,28.43873,1.80877,12.96563,5.375,3.609,
2023-12-04 12:00:00,38.06798,1.32643,8.53579,3.3,2.571,
2023-12-04 13:00:00,38.86626,1.29629,9.3205,2.1,1.132,
2023-12-04 14:00:00,38.36733,1.80877,9.55012,2.325,1.25,
2023-12-04 15:00:00,41.41078,1.6279,11.07366,11.425,9.741,
2023-12-04 16:00:00,40.6125,1.77863,12.27337,4.625,3.349,
2023-12-04 17:00:00,43.9054,2.04994,10.9804,2.925,1.981,
2023-12-04 18:00:00,44.45422,1.59775,10.10446,2.925,1.958,
2023-12-04 19:00:00,42.75787,1.47716,9.92011,3.6,2.618,
2023-12-04 20:00:00,43.2568,1.65804,9.87355,3.925,2.618,
2023-12-04 21:00:00,42.80777,1.38672,8.9972,3.85,2.995,
2023-12-04 22:00:00,41.61035,1.47716,8.76622,3.8,3.09,
2023-12-04 23:00:00,37.66884,1.29629,11.72059,3.35,2.783,
2023-12-05 00:00:00,39.21551,1.35658,7.19721,5.45,4.316,
2023-12-05 01:00:00,36.45479,1.2461,7.87426,5.975,5.165,
2023-12-05 02:00:00,42.30884,1.04512,6.27468,3.05,2.123,
2023-12-05 03:00:00,45.10282,0.93458,5.21336,3.175,2.17,
2023-12-05 04:00:00,45.55185,0.87428,5.25966,3.175,2.288,
2023-12-05 05:00:00,46.10067,0.93458,4.01333,3.75,2.547,
2023-12-05 06:00:00,44.00519,0.84414,5.90591,4.65,2.972,
2023-12-05 07:00:00,43.80562,0.87428,4.93657,4.675,2.759,
2023-12-05 08:00:00,42.25895,1.50739,6.64284,3.275,1.863,
2023-12-05 09:00:00,37.36948,1.17576,9.59755,3.275,1.745,
2023-12-05 10:00:00,32.67959,2.11034,12.08776,3.9,2.075,
2023-12-05 11:00:00,34.97464,2.74344,10.28622,3.8,2.146,
2023-12-05 12:00:00,41.51056,2.35152,8.62555,6,3.467,
2023-12-05 13:00:00,45.60175,1.44709,6.13527,7.575,3.821,
2023-12-05 14:00:00,48.79487,0.75369,3.78297,7.775,3.703,
2023-12-05 15:00:00,42.85766,1.02502,6.82859,7.75,3.726,
2023-12-05 16:00:00,35.87271,2.14049,13.1031,8.225,4.481,
2023-12-05 17:00:00,17.06323,11.57671,32.42011,11.4,7.076,
2023-12-05 18:00:00,1.94581,48.47747,49.87284,18.025,13.255,
2023-12-05 19:00:00,4.04129,37.77505,44.40539,15.35,11.226,
2023-12-05 20:00:00,5.38839,5.69791,38.20327,19.65,15.59,
2023-12-05 21:00:00,2.74409,7.145,42.07694,33.725,28.373,
2023-12-05 22:00:00,4.44043,5.03466,35.57397,37.8,32.5,
2023-12-05 23:00:00,7.38409,1.74857,26.07366,35.075,30.094,
2023-12-06 00:00:00,4.14108,2.50226,24.13338,27.95,23.75,
2023-12-06 01:00:00,3.45921,3.01492,21.47019,21.55,18.302,
2023-12-06 02:00:00,1.33047,4.01989,26.7602,18.55,14.693,
2023-12-06 03:00:00,3.3428,2.86417,29.48615,16.375,11.58,
2023-12-06 04:00:00,10.22796,0.84418,23.90628,13.75,10.024,
2023-12-06 05:00:00,14.96775,0.84418,21.87546,13.2,8.278,
2023-12-06 06:00:00,18.56001,0.54269,21.83003,11.875,7.193,
2023-12-06 07:00:00,18.11098,1.08537,24.27494,10.75,6.415,
2023-12-06 08:00:00,12.17377,4.82387,34.14307,11.325,6.274,
2023-12-06 09:00:00,9.77893,9.94923,39.1154,10.9,5.708,
2023-12-06 10:00:00,11.22581,16.46145,41.03814,11.675,6.439,
2023-12-06 11:00:00,11.42538,27.3453,41.79642,21.2,15.849,
2023-12-06 12:00:00,11.47528,31.47574,41.37102,16.375,10.66,
2023-12-06 13:00:00,16.46452,19.26532,39.2313,15.025,10.66,
2023-12-06 14:00:00,14.21936,16.82324,44.40659,15.225,10,
2023-12-06 15:00:00,10.6271,11.18534,47.88187,13.2,8.986,
2023-12-06 16:00:00,19.90711,5.03491,36.63493,10.175,6.91,
2023-12-06 17:00:00,30.28475,1.62806,23.99669,13.3,10.377,
2023-12-06 18:00:00,24.39743,1.68835,29.85824,10.025,7.146,
2023-12-06 19:00:00,19.05894,1.44716,34.28971,10.25,7.524,
2023-12-06 20:00:00,27.88991,0.96477,25.98297,8.95,6.769,
2023-12-06 21:00:00,30.78367,0.84418,22.42932,8.65,6.509,
2023-12-06 22:00:00,31.53206,0.72358,18.36797,9.2,7.217,
2023-12-06 23:00:00,27.98969,0.69343,20.21424,10.725,9.175,
2023-12-07 00:00:00,27.14152,0.63313,20.99902,11.725,10.071,
2023-12-07 01:00:00,27.34109,0.60301,21.41433,12.625,10.778,
2023-12-07 02:00:00,34.39256,0.52261,16.30673,11.25,9.764,
2023-12-07 03:00:00,41.80991,0.39196,11.49157,9.25,7.807,
2023-12-07 04:00:00,45.70153,0.36181,9.04544,7.75,6.557,
2023-12-07 05:00:00,43.65594,0.30151,9.04559,7.925,6.745,
2023-12-07 06:00:00,46.15056,0.39196,8.12227,6.675,5.778,
2023-12-07 07:00:00,47.8968,0.42211,8.02988,5.5,4.859,
2023-12-07 08:00:00,46.84906,0.81407,8.90584,5.625,4.458,
2023-12-07 09:00:00,43.20691,0.96482,10.01318,4.8,4.057,
2023-12-07 10:00:00,43.10712,0.96482,9.82856,4.025,3.16,
2023-12-07 11:00:00,43.35658,0.87437,9.27493,3.3,2.476,
2023-12-07 12:00:00,40.76217,0.87437,10.4288,3.9,3.019,
2023-12-07 13:00:00,38.36733,0.93467,12.321,3.4,2.594,
2023-12-07 14:00:00,41.21121,0.90452,11.5826,4.375,3.302,
2023-12-07 15:00:00,41.21121,0.87437,11.95191,5.25,4.175,
2023-12-07 16:00:00,37.86841,1.02512,13.84388,4.575,3.632,
2023-12-07 17:00:00,37.16991,0.93467,15.04413,3.725,2.995,
2023-12-07 18:00:00,40.96174,0.84422,13.01355,3.2,2.689,
2023-12-07 19:00:00,43.2568,0.66331,13.19862,3.625,2.995,
2023-12-07 20:00:00,43.9054,0.54271,12.55275,4.625,3.821,
2023-12-07 21:00:00,43.30669,0.42211,11.26072,6.175,5.236,
2023-12-07 22:00:00,39.51486,0.36181,11.81473,9.275,7.83,
2023-12-07 23:00:00,34.77507,0.48241,12.82983,11.65,10,
2023-12-08 00:00:00,32.5798,0.48241,12.5529,13.825,11.533,
2023-12-08 01:00:00,30.8003,0.44223,11.99905,14.9,12.193,
2023-12-08 02:00:00,33.39471,0.48243,12.06048,15.2,12.052,
2023-12-08 03:00:00,39.36518,0.36183,9.22998,16.275,12.028,
2023-12-08 04:00:00,46.20046,0.24122,6.73795,13.85,8.868,
2023-12-08 05:00:00,46.74927,0.33167,6.78387,13.15,8.137,
2023-12-08 06:00:00,46.05078,0.36183,8.16842,12.425,8.019,
2023-12-08 07:00:00,47.69723,0.48243,9.22967,10.675,6.439,
2023-12-08 08:00:00,42.40863,1.80913,15.41095,9.725,6.061,
2023-12-08 09:00:00,37.86841,2.32172,21.64049,8.3,5.236,
2023-12-08 10:00:00,33.37808,3.64841,25.42173,10.85,6.792,
2023-12-08 11:00:00,37.46927,3.58811,25.0065,9.25,5.802,
2023-12-08 12:00:00,37.76862,2.86446,24.40836,9.975,6.415,
2023-12-08 13:00:00,40.51271,2.50263,22.28619,9.35,5.731,
2023-12-08 14:00:00,43.55615,2.26141,21.91758,9.05,5.259,
2023-12-08 15:00:00,46.44992,1.68852,20.53442,10.425,6.038,
2023-12-08 16:00:00,61.66713,0.81411,12.04424,21.3,9.481,
2023-12-08 17:00:00,47.54755,2.05035,27.68744,16.775,7.736,
2023-12-08 18:00:00,53.13551,0.96487,16.70546,16.3,8.019,
2023-12-08 19:00:00,56.27874,0.48243,12.59895,15.5,8.609,
2023-12-08 20:00:00,52.23745,0.45228,15.41446,13.825,8.962,
2023-12-08 21:00:00,50.29164,0.36183,17.21472,13.575,8.467,
2023-12-08 22:00:00,51.93809,0.27137,15.138,14.5,8.75,
2023-12-08 23:00:00,60.22025,0.27137,8.67636,15.55,8.491,
2023-12-09 00:00:00,63.51315,0.12061,5.81517,11.975,7.028,
2023-12-09 01:00:00,56.41179,0.20103,9.04572,8.025,5.542,
2023-12-09 02:00:00,54.81523,0.24123,7.32251,7.725,5.259,
2023-12-09 03:00:00,61.31788,0.18092,4.15341,7.2,4.528,
2023-12-09 04:00:00,58.77337,0.18092,5.81496,10.9,6.769,
2023-12-09 05:00:00,59.2224,0.12062,3.36895,10.225,6.061,
2023-12-09 06:00:00,59.47186,0.12062,3.36895,6.8,4.788,
2023-12-09 07:00:00,61.2181,0.12062,3.23048,3.75,2.854,
2023-12-09 08:00:00,61.91659,0.03015,4.61535,2.125,1.627,
2023-12-09 09:00:00,61.46756,0.24123,6.96866,1.075,0.755,
2023-12-09 10:00:00,58.37423,0.48246,8.49111,0.85,0.495,
2023-12-09 11:00:00,55.68003,0.96492,10.28984,2.225,1.533,
2023-12-09 12:00:00,67.55445,0.392,4.66054,10.575,5.165,
2023-12-09 13:00:00,70.74756,0.392,4.33746,22.925,10.943,
2023-12-09 14:00:00,74.58929,0.33169,3.50684,32.175,16.085,
2023-12-09 15:00:00,75.78671,0.36184,2.99907,25.8,12.335,
2023-12-09 16:00:00,79.72822,0.392,2.5836,28.85,14.788,
2023-12-09 17:00:00,79.27918,0.392,2.86052,29.7,15.92,
2023-12-09 18:00:00,79.828,0.60307,3.69074,24.2,13.561,
2023-12-09 19:00:00,79.62843,0.51261,3.09097,20.575,10.778,
2023-12-09 20:00:00,81.92349,0.42215,2.53736,20.975,10.519,
2023-12-09 21:00:00,83.56994,0.24123,2.35323,21.15,10.849,
2023-12-09 22:00:00,83.1209,0.21108,1.79946,22.875,11.863,
2023-12-09 23:00:00,80.72607,0.12062,1.56893,28.075,14.434,
2023-12-10 00:00:00,81.8237,0.09046,0.969,28.35,14.741,
2023-12-10 01:00:00,81.42456,0.04021,1.04605,31.175,14.953,
2023-12-10 02:00:00,77.69925,0.12062,1.23044,32.7,14.481,
2023-12-10 03:00:00,77.23359,0.12062,0.92275,32.825,14.057,
2023-12-10 04:00:00,75.88649,0.72372,2.25956,31.3,13.514,
2023-12-10 05:00:00,74.93854,0.36186,1.84517,33.475,12.689,
2023-12-10 06:00:00,72.64348,0.48248,3.27561,37.325,12.972,
2023-12-10 07:00:00,69.05122,0.15078,2.9996,32.425,11.085,
2023-12-10 08:00:00,68.65208,0.09047,3.73823,28.75,9.599,
2023-12-10 09:00:00,58.5738,0.24124,6.69168,19.375,7.123,
2023-12-10 10:00:00,51.33938,0.42217,9.36812,8.275,4.906,
2023-12-10 11:00:00,48.79487,0.99512,12.36656,6.775,4.717,
2023-12-10 12:00:00,51.78842,0.66341,11.44439,6.225,4.458,
2023-12-10 13:00:00,57.2267,0.6031,9.50609,6.1,4.292,
2023-12-10 14:00:00,53.53465,1.35698,10.93478,8.475,5.967,
2023-12-10 15:00:00,61.01853,0.93481,8.90517,15.75,9.104,
2023-12-10 16:00:00,66.60649,0.48248,7.52179,27.4,14.434,
2023-12-10 17:00:00,68.15316,0.42217,6.73734,33.35,16.557,
2023-12-10 18:00:00,74.33983,0.30155,4.61458,32.85,15.307,
2023-12-10 19:00:00,73.29208,0.24124,4.1532,28.475,14.127,
2023-12-10 20:00:00,69.89939,0.18093,4.29183,20.1,11.368,
2023-12-10 21:00:00,72.5437,0.09047,2.90746,26.275,13.679,
2023-12-10 22:00:00,75.68692,0,1.33847,20.15,10.354,
2023-12-10 23:00:00,68.45251,0.12062,3.13815,24.5,13.514,
2023-12-11 00:00:00,69.89939,-0.03016,3.78472,22.5,11.392,
2023-12-11 01:00:00,67.32161,0,2.21539,12.15,5.165,
2023-12-11 02:00:00,59.93752,0.12063,1.84581,13.125,6.415,
2023-12-11 03:00:00,64.46111,0.06031,1.4306,12.225,5.071,
2023-12-11 04:00:00,61.8667,0.03016,1.98453,17.45,6.038,
2023-12-11 05:00:00,66.05767,0.09047,2.21513,13.525,5.495,
2023-12-11 06:00:00,69.64993,0.09047,2.49205,9.1,3.774,
2023-12-11 07:00:00,64.01208,0.24125,3.78393,10.1,3.396,
2023-12-11 08:00:00,49.14411,0.60313,13.93676,11.45,3.986,
2023-12-11 09:00:00,15.51657,10.37388,49.58594,15.425,6.84,
2023-12-11 10:00:00,30.68389,3.82989,35.98914,11.275,5.613,
2023-12-11 11:00:00,32.48002,2.26175,27.31667,9.15,4.575,
2023-12-11 12:00:00,39.96389,2.44269,22.37769,8.3,4.481,
2023-12-11 13:00:00,52.68648,1.29674,13.88863,9.525,3.986,
2023-12-11 14:00:00,50.64089,1.14595,14.16598,8.125,3.962,
2023-12-11 15:00:00,47.8968,1.05548,16.33547,4.7,3.208,
2023-12-11 16:00:00,45.75142,0.51266,14.39855,6.75,3.868,
2023-12-11 17:00:00,26.29335,1.44752,25.61129,8.825,6.745,
2023-12-11 18:00:00,16.81377,2.7141,39.03846,10.85,8.797,
2023-12-11 19:00:00,17.41248,1.8094,35.71796,12.275,10.991,
2023-12-11 20:00:00,22.10238,1.23642,35.07343,13.8,10.708,
2023-12-11 21:00:00,14.31915,1.65862,45.31839,12.4,9.528,
2023-12-11 22:00:00,26.14367,0.96501,34.33574,9.75,6.958,
2023-12-11 23:00:00,36.52131,0.42219,22.06035,8.2,5.849,
2023-12-12 00:00:00,45.05293,0.30157,15.27608,6.75,4.882,
2023-12-12 01:00:00,49.0277,0.20106,10.89167,7.575,5.283,
2023-12-12 02:00:00,49.69293,0.20106,8.30707,8.2,5.684,
2023-12-12 03:00:00,47.29809,0.18095,8.72251,7.3,5.896,
2023-12-12 04:00:00,47.99659,0.18095,7.47636,4.8,3.986,
2023-12-12 05:00:00,47.54755,0.18095,6.59944,6.5,5.637,
2023-12-12 06:00:00,42.80777,0.18095,8.12251,8.075,6.816,
2023-12-12 07:00:00,41.01164,0.30158,10.61445,8.45,7.076,
2023-12-12 08:00:00,37.12002,0.96506,15.78172,8.75,7.217,
2023-12-12 09:00:00,33.07873,1.26664,19.47313,8.6,7.17,
2023-12-12 10:00:00,32.43012,1.56822,20.34917,10.25,8.561,
2023-12-12 11:00:00,34.5755,1.96028,19.51725,9.5,7.783,
2023-12-12 12:00:00,25.99399,3.40787,23.57454,12.775,9.811,
2023-12-12 13:00:00,21.3041,4.22214,22.64909,11.65,8.467,
2023-12-12 14:00:00,23.49937,2.65392,20.11522,10.45,7.877,
2023-12-12 15:00:00,18.31055,2.68407,25.23819,10.675,8.302,
2023-12-12 16:00:00,19.60775,2.68407,22.05359,10.825,8.396,
2023-12-12 17:00:00,26.14367,1.11585,17.85819,9.975,8.396,
2023-12-12 18:00:00,27.34109,1.17617,14.90418,9.275,7.642,
2023-12-12 19:00:00,20.90496,1.44759,17.34953,9.75,8.066,
2023-12-12 20:00:00,8.18237,5.00625,30.81599,13.95,12.005,
2023-12-12 21:00:00,4.04129,8.77601,38.51262,16.075,13.443,
2023-12-12 22:00:00,12.57291,2.71423,24.68426,10.55,8.915,
2023-12-12 23:00:00,22.90066,0.84443,14.07439,8.35,6.745,
2023-12-13 00:00:00,23.44948,0.66348,15.45953,7.425,6.014,
2023-12-13 01:00:00,29.27027,1.00532,13.10454,4.425,3.09,
2023-12-13 02:00:00,46.43329,0.56298,4.61365,3.225,1.722,
2023-12-13 03:00:00,52.98584,0.57303,2.67517,2.05,0.967,
2023-12-13 04:00:00,47.94669,0.48255,3.87543,1.15,0.542,
2023-12-13 05:00:00,43.85551,0.3016,5.26058,1.125,0.613,
2023-12-13 06:00:00,41.76002,0.27144,4.47606,1.075,0.637,
2023-12-13 07:00:00,39.2654,0.69367,5.30555,1.65,0.849,
2023-12-13 08:00:00,32.92905,0.87463,8.39729,1.825,1.038,
2023-12-13 09:00:00,26.29335,2.29213,13.65451,2.575,1.108,
2023-12-13 10:00:00,33.22841,2.01064,7.93234,3.55,1.533,
2023-12-13 11:00:00,40.31314,1.93022,6.40952,3.55,1.84,
2023-12-13 12:00:00,46.94884,1.29686,4.38067,4.025,1.887,
2023-12-13 13:00:00,50.74067,1.38734,4.70347,4.3,2.217,
2023-12-13 14:00:00,54.18326,1.32702,4.70365,4.725,2.5,
2023-12-13 15:00:00,53.18541,1.14607,5.48881,4.6,2.571,
2023-12-13 16:00:00,44.75357,2.08101,11.6244,5.85,3.255,
2023-12-13 17:00:00,34.97464,3.25724,20.15923,7.875,4.552,
2023-12-13 18:00:00,10.37764,9.22884,47.64869,15.75,11.887,
2023-12-13 19:00:00,2.14538,17.82434,50.85358,13.075,10.59,
2023-12-13 20:00:00,1.69635,23.73562,48.80505,17.05,14.576,
2023-12-13 21:00:00,1.29721,34.11053,45.40465,16.125,13.774,
2023-12-13 22:00:00,1.69635,32.54223,46.97858,18.725,15.708,
2023-12-13 23:00:00,8.23226,5.30809,36.39906,15.725,11.722,
2023-12-14 00:00:00,11.92431,1.77942,27.91745,14.925,12.123,
2023-12-14 01:00:00,7.58366,1.36784,30.09633,17.55,14.764,
2023-12-14 02:00:00,13.83685,0.9253,26.77375,14.525,11.368,
2023-12-14 03:00:00,8.23226,2.444,37.01787,12.15,9.34,
2023-12-14 04:00:00,4.59011,3.80178,42.87666,11.75,9.599,
2023-12-14 05:00:00,13.67055,1.02588,30.46677,9.275,7.028,
2023-12-14 06:00:00,20.20646,0.96553,20.31027,7.075,5.472,
2023-12-14 07:00:00,14.06969,2.41383,25.5686,7.025,5.778,
2023-12-14 08:00:00,12.47313,5.34059,26.85181,5.775,4.882,
2023-12-14 09:00:00,9.62925,11.7674,37.63406,8.9,5.873,
2023-12-14 10:00:00,37.02024,5.58197,27.0357,18.375,8.538,
2023-12-14 11:00:00,50.79057,1.20691,11.3993,22.65,10.542,
2023-12-14 12:00:00,49.49336,1.96123,10.93519,26.825,14.009,
2023-12-14 13:00:00,49.64304,1.81037,9.96618,25.35,13.396,
2023-12-14 14:00:00,52.73637,1.23709,8.49069,24.75,14.08,
2023-12-14 15:00:00,54.13336,1.20691,10.56829,21,11.604,
2023-12-14 16:00:00,48.84476,2.53452,16.98119,20.925,11.25,
2023-12-14 17:00:00,48.5953,1.84054,13.98259,26.025,14.434,
2023-12-14 18:00:00,45.55185,1.53881,16.24574,23.55,12.759,
2023-12-14 19:00:00,48.34583,1.23709,15.60038,23.4,11.344,
2023-12-14 20:00:00,50.34153,0.90518,11.53877,22.125,11.25,
2023-12-14 21:00:00,52.5867,0.69398,9.55428,20.5,10.165,
2023-12-14 22:00:00,57.37638,0.6638,7.38454,19.225,9.34,
2023-12-14 23:00:00,59.871,0.72415,5.81468,20.3,9.387,
2023-12-15 00:00:00,69.74971,0.51294,3.50702,12.45,5.307,
2023-12-15 01:00:00,69.05122,0.44273,2.70771,14.875,7.783,
2023-12-15 02:00:00,72.24434,0.52323,2.27641,11.875,5.778,
2023-12-15 03:00:00,73.09251,0.48298,2.12262,10.55,4.976,
2023-12-15 04:00:00,69.35058,1.20744,4.56766,13.825,6.462,
2023-12-15 05:00:00,71.79531,1.14707,4.70641,10.925,5.401,
2023-12-15 06:00:00,71.74541,0.69428,3.92292,11.75,5.259,
2023-12-15 07:00:00,68.30283,0.57354,5.53964,12.925,5.542,
2023-12-15 08:00:00,64.86025,0.8754,10.38752,12.25,4.505,
2023-12-15 09:00:00,48.99444,2.41488,26.08346,16.425,5.92,
2023-12-15 10:00:00,61.71702,1.11688,11.95681,13.775,5.236,
2023-12-15 11:00:00,59.72132,1.47912,11.77084,16.3,6.863,
2023-12-15 12:00:00,64.511,1.26781,8.26187,19.1,8.797,
2023-12-15 13:00:00,65.05982,1.02633,6.09224,18.05,8.868,
2023-12-15 14:00:00,66.00778,0.84521,6.50849,20.45,10.142,
2023-12-15 15:00:00,66.05767,0.81502,6.09297,21.825,10.778,
2023-12-15 16:00:00,59.92089,1.23763,10.38627,24.75,11.392,
2023-12-15 17:00:00,56.97724,0.99614,12.28049,24.75,11.698,
2023-12-15 18:00:00,54.48261,1.298,13.06451,21.225,10.047,
2023-12-15 19:00:00,44.25465,1.20744,19.57623,20.275,9.009,
2023-12-15 20:00:00,55.53035,0.66409,8.58722,16.675,6.627,
2023-12-15 21:00:00,60.81896,0.4226,5.17072,15.1,5.802,
2023-12-15 22:00:00,64.5609,0.36223,3.23136,12.05,4.953,
2023-12-15 23:00:00,66.15746,0.39242,2.35383,9.725,4.41,
2023-12-16 00:00:00,65.95789,0.39242,2.07675,8.625,3.915,
2023-12-16 01:00:00,68.31946,0.32213,1.23064,5.9,2.854,
2023-12-16 02:00:00,69.51688,0.36239,1.10731,6.35,3.019,
2023-12-16 03:00:00,70.24864,0.33219,0.69168,6.85,3.113,
2023-12-16 04:00:00,65.15961,1.44956,4.38305,9.125,4.08,
2023-12-16 05:00:00,64.5609,0.69458,3.1848,11.1,4.835,
2023-12-16 06:00:00,65.10971,0.60399,2.63081,13.625,5.071,
2023-12-16 07:00:00,65.45896,0.36239,2.26215,15.175,5.212,
2023-12-16 08:00:00,66.25724,0.51339,3.23166,10.475,4.127,
2023-12-16 09:00:00,61.61724,0.57379,6.92693,21.975,6.533,
2023-12-16 10:00:00,60.61939,0.96638,7.84935,16,4.882,
2023-12-16 11:00:00,59.92089,1.32877,8.26376,24.8,6.958,
2023-12-16 12:00:00,66.35702,1.14757,4.8461,12.525,3.821,
2023-12-16 13:00:00,64.61079,1.72136,7.6156,11.55,3.915,
2023-12-16 14:00:00,61.61724,1.60056,10.34147,12.375,4.316,
2023-12-16 15:00:00,57.07702,1.60056,14.68367,18.775,6.486,
2023-12-16 16:00:00,54.98154,1.02677,15.3325,24.125,8.019,
2023-12-16 17:00:00,63.41337,0.93618,8.49618,16.125,6.297,
2023-12-16 18:00:00,65.8581,0.75498,6.41813,15.5,5.991,
2023-12-16 19:00:00,61.76692,0.93618,9.7896,17.375,6.792,
2023-12-16 20:00:00,59.12261,0.60399,8.95934,18.5,6.344,
2023-12-16 21:00:00,52.08777,0.54359,11.96214,12.5,4.906,
2023-12-16 22:00:00,46.30024,0.51339,12.56277,20.925,9.175,
2023-12-16 23:00:00,60.07057,0.36239,3.92512,15.675,5.047,
2023-12-17 00:00:00,62.61509,0.33219,3.32472,9.525,3.278,
2023-12-17 01:00:00,62.86455,0.28198,2.70971,20.825,5.66,
2023-12-17 02:00:00,68.18642,0.32227,1.29254,11.425,3.491,
2023-12-17 03:00:00,68.85165,0.33234,1.2925,9.175,2.901,
2023-12-17 04:00:00,69.74971,0.2417,0.9694,10.9,3.349,
2023-12-17 05:00:00,70.94714,0.30212,1.29262,15,5.472,
2023-12-17 06:00:00,73.1923,0.2417,1.70872,27,9.363,
2023-12-17 07:00:00,72.4938,0.2417,1.75492,27.8,9.599,
2023-12-17 08:00:00,72.39402,0.33234,1.70836,18.225,7.689,
2023-12-17 09:00:00,73.29208,0.42297,2.26249,19.6,7.807,
2023-12-17 10:00:00,71.49595,0.42297,3.27904,19.65,7.547,
2023-12-17 11:00:00,71.09681,0.63446,4.66443,23.1,7.689,
2023-12-17 12:00:00,70.59789,0.66467,5.63466,33.275,10.047,
2023-12-17 13:00:00,70.89724,0.66467,5.44983,14.725,5.495,
2023-12-17 14:00:00,70.79746,0.84595,4.84843,14.825,6.014,
2023-12-17 15:00:00,68.80176,0.81574,6.18855,15.425,6.604,
2023-12-17 16:00:00,68.00348,0.63446,6.28167,18.45,7.83,
2023-12-17 17:00:00,68.30283,0.51361,5.03456,26.125,9.953,
2023-12-17 18:00:00,68.65208,0.51361,5.49663,31.45,12.547,
2023-12-17 19:00:00,70.14886,0.51361,4.24904,25.7,10.66,
2023-12-17 20:00:00,70.79746,0.39276,3.41779,31.45,11.651,
2023-12-17 21:00:00,71.09681,0.33234,3.09457,28.475,11.297,
2023-12-17 22:00:00,67.60434,0.36255,3.4179,36.4,12.17,
2023-12-17 23:00:00,66.5566,0.30212,2.95607,15.525,6.156,
2023-12-18 00:00:00,66.95574,0.81574,2.30716,8.8,3.609,
2023-12-18 01:00:00,65.39244,0.68511,3.6948,6.675,2.925,
2023-12-18 02:00:00,66.989,0.52391,2.52455,3.625,1.863,
2023-12-18 03:00:00,65.8581,0.45339,3.18733,3.675,1.792,
2023-12-18 04:00:00,66.5067,0.30226,2.91064,4.425,2.783,
2023-12-18 05:00:00,67.2052,0.33248,2.12477,2.625,1.675,
2023-12-18 06:00:00,65.05982,0.33248,2.95673,2.875,1.533,
2023-12-18 07:00:00,64.46111,0.42316,4.75895,2.1,1.203,
2023-12-18 08:00:00,62.06627,0.66496,7.90094,2.95,1.651,
2023-12-18 09:00:00,60.81896,0.96722,9.88717,3.875,2.571,
2023-12-18 10:00:00,61.96649,0.84632,8.68594,6,3.892,
2023-12-18 11:00:00,62.81466,0.75564,7.20726,8.025,4.481,
2023-12-18 12:00:00,57.67573,1.02767,11.04243,8.475,4.245,
2023-12-18 13:00:00,56.92734,1.14858,11.96634,6.1,2.925,
2023-12-18 14:00:00,60.66928,0.87654,9.37912,6.775,3.137,
2023-12-18 15:00:00,63.71272,0.63474,6.56068,10.725,6.792,
2023-12-18 16:00:00,63.41337,1.26948,5.67987,12.025,8.066,
2023-12-18 17:00:00,62.11616,0.81609,6.79103,9.2,6.887,
2023-12-18 18:00:00,60.71917,0.66496,7.39252,11.575,7.925,
2023-12-18 19:00:00,61.01853,0.66496,6.46811,7.75,6.014,
2023-12-18 20:00:00,58.22455,0.48361,6.05288,10.55,7.005,
2023-12-18 21:00:00,55.28089,0.54406,6.65349,12.3,8.066,
2023-12-18 22:00:00,52.13766,0.51384,7.57803,11,6.58,
2023-12-18 23:00:00,53.2353,0.39293,7.39364,9.4,5.118,
2023-12-19 00:00:00,56.07917,0.33248,4.80555,9.05,4.033,
2023-12-19 01:00:00,55.81308,2.05624,5.84732,7.275,3.255,
2023-12-19 02:00:00,57.94182,0.96764,3.75614,6.175,2.689,
2023-12-19 03:00:00,58.5239,0.45358,2.49465,5.525,2.689,
2023-12-19 04:00:00,56.02928,1.39099,5.4033,6.3,3.255,
2023-12-19 05:00:00,59.97079,0.90717,3.83345,8.45,3.892,
2023-12-19 06:00:00,64.26154,0.33263,3.14245,4.625,2.429,
2023-12-19 07:00:00,68.80176,0.33263,3.41985,4,2.028,
2023-12-19 08:00:00,64.71057,0.57454,7.71854,3.2,1.792,
2023-12-19 09:00:00,60.22025,1.17932,14.83592,7.675,3.42,
2023-12-19 10:00:00,64.11186,0.81645,11.13879,11.675,4.882,
2023-12-19 11:00:00,68.25294,0.90717,7.9945,12.825,5.802,
2023-12-19 12:00:00,67.35488,1.42123,8.63953,17.2,8.443,
2023-12-19 13:00:00,68.85165,1.54218,6.83589,15.7,6.439,
2023-12-19 14:00:00,66.85595,1.42123,6.97511,16.9,6.863,
2023-12-19 15:00:00,65.8581,1.17932,7.76214,16.25,7.123,
2023-12-19 16:00:00,65.25939,1.57242,8.1303,17.325,8.09,
2023-12-19 17:00:00,66.35702,1.23979,7.20707,18.625,9.127,
2023-12-19 18:00:00,65.80821,1.05836,6.60683,21.075,10.637,
2023-12-19 19:00:00,68.75186,0.81645,5.08216,19.925,10.118,
2023-12-19 20:00:00,69.74971,0.63502,4.34321,18.875,9.222,
2023-12-19 21:00:00,70.19875,0.51406,3.97387,19.6,9.623,
2023-12-19 22:00:00,67.60434,0.45358,3.6505,22.625,10.142,
2023-12-19 23:00:00,67.15531,0.45358,1.93985,19.75,9.41,
2023-12-20 00:00:00,66.25724,0.39311,1.43154,23.175,10.024,
2023-12-20 01:00:00,67.18857,0.32269,1.04679,20.85,10.071,
2023-12-20 02:00:00,66.45681,0.24202,1.35548,22.85,10.566,
2023-12-20 03:00:00,66.5067,0.30252,0.83106,22.125,10.118,
2023-12-20 04:00:00,66.85595,0.48403,1.43145,18.625,8.962,
2023-12-20 05:00:00,66.75617,0.36303,1.47825,18.875,8.609,
2023-12-20 06:00:00,68.45251,0.30252,1.24729,17.925,7.854,
2023-12-20 07:00:00,68.30283,0.36303,1.98697,18.15,7.689,
2023-12-20 08:00:00,66.15746,0.66555,4.20545,18.275,7.854,
2023-12-20 09:00:00,60.22025,2.02689,9.10141,17.725,7.736,
2023-12-20 10:00:00,62.06627,1.05882,5.7298,14.375,6.58,
2023-12-20 11:00:00,65.00993,0.93781,5.45288,17.425,8.231,
2023-12-20 12:00:00,67.05552,0.87731,5.12942,20.95,10.094,
2023-12-20 13:00:00,67.15531,0.63529,4.43682,18.925,9.41,
2023-12-20 14:00:00,67.75402,0.84706,4.34336,20.7,10.259,
2023-12-20 15:00:00,67.30498,0.78655,5.68481,17.9,9.882,
2023-12-20 16:00:00,65.05982,1.60336,8.17841,15.4,8.915,
2023-12-20 17:00:00,65.70842,0.90756,6.93293,17,8.821,
2023-12-20 18:00:00,65.65853,0.60504,6.28685,17.225,8.255,
2023-12-20 19:00:00,67.8538,0.45378,4.62264,18.3,8.278,
2023-12-20 20:00:00,69.40047,0.39328,3.79047,16.1,7.241,
2023-12-20 21:00:00,68.35273,0.45378,4.85388,13.55,6.439,
2023-12-20 22:00:00,69.74971,0.33277,3.05079,15.525,6.887,
2023-12-20 23:00:00,72.44391,0.30252,2.07974,16.15,7.146,
2023-12-21 00:00:00,73.59144,0.33277,1.47839,15.45,7.311,
2023-12-21 01:00:00,73.57481,1.0492,2.46219,22.325,9.34,
2023-12-21 02:00:00,71.91172,0.40354,0.79991,16.225,7.925,
2023-12-21 03:00:00,72.94284,0.39345,1.15462,18.5,8.208,
2023-12-21 04:00:00,72.84305,0.81716,1.61519,14.25,7.311,
2023-12-21 05:00:00,72.24434,0.60531,1.52369,14.7,7.877,
2023-12-21 06:00:00,72.69337,0.51451,1.10778,14.175,7.83,
2023-12-21 07:00:00,73.24219,0.42371,1.94091,19.225,9.835,
2023-12-21 08:00:00,74.5394,0.57504,2.44905,18.1,9.34,
2023-12-21 09:00:00,73.74111,0.99875,4.575,18.15,9.835,
2023-12-21 10:00:00,73.49165,0.63557,3.42023,20.875,10.425,
2023-12-21 11:00:00,74.24004,0.66584,2.91122,20.4,10.472,
2023-12-21 12:00:00,73.24219,0.6961,3.14238,18.975,10.307,
2023-12-21 13:00:00,72.44391,0.72637,3.23475,21.05,11.038,
2023-12-21 14:00:00,70.99703,0.63557,4.02162,23.325,12.948,
2023-12-21 15:00:00,69.79961,0.54477,4.16084,23.825,12.783,
2023-12-21 16:00:00,69.55015,1.02902,5.31503,24.075,13.019,
2023-12-21 17:00:00,69.64993,0.66584,5.22425,27.175,14.363,
2023-12-21 18:00:00,67.35488,0.63557,5.91831,28.625,14.458,
2023-12-21 19:00:00,65.40907,0.51451,4.20725,24.875,13.774,
2023-12-21 20:00:00,62.66498,0.39345,4.34661,28.2,14.08,
2023-12-21 21:00:00,64.36132,0.42371,3.65255,26.9,13.868,
2023-12-21 22:00:00,64.21165,0.42371,3.8376,31.425,16.25,
2023-12-21 23:00:00,67.15531,0.30265,2.49662,34.25,17.476,
2023-12-22 00:00:00,67.75402,0.30265,2.03401,31.425,16.156,
2023-12-22 01:00:00,67.8538,0.32297,1.91104,22.925,11.91,
2023-12-22 02:00:00,72.71,0.24223,1.41785,14.475,6.863,
2023-12-22 03:00:00,71.64563,0.27251,1.06293,11.725,5.377,
2023-12-22 04:00:00,73.8409,0.18167,0.6932,12.825,6.274,
2023-12-22 05:00:00,74.33983,0.15139,1.24864,14.45,6.84,
2023-12-22 06:00:00,75.33768,0.18167,1.15594,13.55,6.274,
2023-12-22 07:00:00,75.188,0.27251,1.89587,13.775,6.91,
2023-12-22 08:00:00,74.98843,0.39362,2.63564,16.175,7.995,
2023-12-22 09:00:00,74.38972,0.4239,3.5147,16.025,8.255,
2023-12-22 10:00:00,74.88864,0.60557,3.28241,16.9,8.868,
2023-12-22 11:00:00,74.5394,0.75696,3.92949,18.15,9.057,
2023-12-22 12:00:00,74.43961,0.57529,4.16177,19.375,9.269,
2023-12-22 13:00:00,75.33768,0.66613,4.06877,17.7,9.08,
2023-12-22 14:00:00,74.4895,0.72668,4.76257,19.6,10.873,
2023-12-22 15:00:00,73.59144,0.81752,5.45623,18.85,9.34,
2023-12-22 16:00:00,72.84305,0.66613,5.22562,17.425,8.09,
2023-12-22 17:00:00,72.44391,0.72668,5.36413,17.15,8.137,
2023-12-22 18:00:00,73.24219,0.63585,4.67048,15.025,7.854,
2023-12-22 19:00:00,74.4895,0.54501,4.48584,17.85,8.821,
2023-12-22 20:00:00,75.08821,0.45418,4.39375,17.8,8.939,
2023-12-22 21:00:00,74.63918,0.4239,3.42215,19.925,9.316,
2023-12-22 22:00:00,75.78671,0.30279,2.49728,21.4,10.118,
2023-12-22 23:00:00,75.08821,0.27251,2.26606,23.95,10.519,
2023-12-23 00:00:00,74.58929,0.24223,1.43328,23.15,10.802,
2023-12-23 01:00:00,72.84305,0.24233,1.23306,21.425,9.835,
2023-12-23 02:00:00,71.37954,0.24233,1.17134,20.6,9.505,
2023-12-23 03:00:00,70.29853,0.24233,1.43364,22.2,9.245,
2023-12-23 04:00:00,72.64348,0.21204,0.60062,26.9,10.047,
2023-12-23 05:00:00,73.49165,0.15146,0.92495,21.6,8.962,
2023-12-23 06:00:00,73.89079,0.18175,0.97108,20.525,8.443,
2023-12-23 07:00:00,73.79101,0.24233,1.24849,20.075,8.208,
2023-12-23 08:00:00,75.78671,0.3635,2.03474,18.55,7.571,
2023-12-23 09:00:00,74.04047,0.39379,2.63632,15.775,6.722,
2023-12-23 10:00:00,72.64348,0.3635,3.05306,16.6,7.099,
2023-12-23 11:00:00,72.14456,0.51496,3.23742,16.125,7.052,
2023-12-23 12:00:00,72.29423,0.48467,3.37644,16.5,7.359,
2023-12-23 13:00:00,72.09466,0.54525,3.70013,18.15,8.349,
2023-12-23 14:00:00,70.79746,0.57554,4.53315,17.425,7.83,
2023-12-23 15:00:00,68.65208,0.45438,3.93205,20.375,8.255,
2023-12-23 16:00:00,68.15316,0.42408,3.56191,19.15,7.901,
2023-12-23 17:00:00,66.80606,0.48467,3.60787,18.325,7.099,
2023-12-23 18:00:00,64.41122,0.51496,5.96838,19.85,7.193,
2023-12-23 19:00:00,65.60864,0.39379,5.18213,17.9,7.146,
2023-12-23 20:00:00,67.70412,0.42408,5.32083,20.575,9.576,
2023-12-23 21:00:00,71.1966,0.33321,4.48813,20.325,10.66,
2023-12-23 22:00:00,73.94069,0.24233,2.91484,16.875,8.75,
2023-12-23 23:00:00,73.54155,0.21204,1.29494,18,9.151,
2023-12-24 00:00:00,71.29638,0.21204,1.20236,20.625,11.509,
2023-12-24 01:00:00,68.38599,0.16163,1.78941,19.525,10.472,
2023-12-24 02:00:00,66.12419,0.16163,1.35727,19.675,9.929,
2023-12-24 03:00:00,65.50885,0.15152,1.4345,20.8,10.283,
2023-12-24 04:00:00,64.66068,0.18183,1.57323,17.725,9.363,
2023-12-24 05:00:00,64.31143,0.12122,1.61987,18.85,9.057,
2023-12-24 06:00:00,64.91014,0.12122,1.06426,14.725,7.925,
2023-12-24 07:00:00,66.10756,0.18183,0.60092,13.7,7.524,
2023-12-24 08:00:00,66.00778,0.18183,0.83242,14.425,8.09,
2023-12-24 09:00:00,66.05767,0.21214,1.34156,16.475,8.797,
2023-12-24 10:00:00,65.80821,0.27275,1.98944,16.775,9.033,
2023-12-24 11:00:00,64.91014,0.39396,2.77589,16.35,8.797,
2023-12-24 12:00:00,64.06197,0.45457,3.47007,13.525,7.807,
2023-12-24 13:00:00,63.11401,0.57579,5.36775,14.65,8.42,
2023-12-24 14:00:00,65.55875,0.69701,4.30216,11.35,5.495,
2023-12-24 15:00:00,68.5024,0.54549,3.83998,18.075,7.83,
2023-12-24 16:00:00,69.60004,0.48488,3.60881,18.875,8.326,
2023-12-24 17:00:00,69.60004,0.36366,3.74838,17.9,8.066,
2023-12-24 18:00:00,69.8495,0.39396,3.70191,16.55,7.453,
2023-12-24 19:00:00,73.29208,0.36366,3.42427,18.75,8.208,
2023-12-24 20:00:00,75.03832,0.39396,3.1926,18.825,8.42,
2023-12-24 21:00:00,75.38757,0.33335,2.63732,16.85,7.807,
2023-12-24 22:00:00,74.28993,0.36366,2.12785,14.75,7.241,
2023-12-24 23:00:00,75.13811,0.24244,1.434,16.2,7.759,
2023-12-25 00:00:00,75.38757,0.15152,1.06409,17.7,7.736,
2023-12-25 01:00:00,74.9718,0.12127,1.23436,16.45,7.5,
2023-12-25 02:00:00,73.97395,0.20212,1.11039,16.35,7.028,
2023-12-25 03:00:00,73.59144,0.15159,0.92542,16.8,6.816,
2023-12-25 04:00:00,76.33553,0.15159,0.69385,15.575,6.722,
2023-12-25 05:00:00,74.68907,0.12127,0.83297,17.525,8.137,
2023-12-25 06:00:00,73.8409,0.12127,0.78665,18.225,8.019,
2023-12-25 07:00:00,73.29208,0.18191,1.20314,19.275,8.042,
2023-12-25 08:00:00,72.69337,0.45477,2.12786,17.65,7.948,
2023-12-25 09:00:00,72.69337,0.27286,1.85102,15.35,6.91,
2023-12-25 10:00:00,67.45466,0.30318,2.49924,14.075,6.816,
2023-12-25 11:00:00,65.50885,0.27286,2.86993,17.85,8.514,
2023-12-25 12:00:00,65.90799,0.3335,2.86958,17.25,8.09,
2023-12-25 13:00:00,67.65423,0.36382,2.4989,16.15,7.901,
2023-12-25 14:00:00,67.60434,0.30318,4.07393,19.375,9.057,
2023-12-25 15:00:00,72.09466,0.24255,2.59222,20.425,10.472,
2023-12-25 16:00:00,71.44606,0.24255,1.94381,21.4,11.368,
2023-12-25 17:00:00,67.2052,0.27286,2.36047,22.2,10.401,
2023-12-25 18:00:00,71.39617,0.24255,2.82379,17.55,6.934,
2023-12-25 19:00:00,71.64563,0.27286,2.82362,15.45,6.769,
2023-12-25 20:00:00,73.24219,0.30318,2.40661,16.9,8.019,
2023-12-25 21:00:00,76.88434,0.27286,1.98996,16.925,8.042,
2023-12-25 22:00:00,79.1794,0.21223,1.57348,17.525,8.443,
2023-12-25 23:00:00,79.42886,0.30318,1.20244,19.225,9.316,
2023-12-26 00:00:00,78.63058,0.18191,0.92525,17.3,8.349,
2023-12-26 01:00:00,76.9675,0.12133,0.74052,17.525,8.443,
2023-12-26 02:00:00,75.70355,0.16177,0.9256,19.95,8.986,
2023-12-26 03:00:00,75.188,0.15166,0.833,22.825,9.67,
2023-12-26 04:00:00,73.69122,0.15166,0.69402,20.325,8.75,
2023-12-26 05:00:00,73.74111,0.09099,0.60172,15.75,5.896,
2023-12-26 06:00:00,75.93639,0.15166,0.64769,15.25,5.118,
2023-12-26 07:00:00,74.4895,0.24265,0.83246,15.675,4.646,
2023-12-26 08:00:00,71.74541,0.27298,2.12946,12.175,3.679,
2023-12-26 09:00:00,70.548,0.39431,3.10162,12.025,3.609,
2023-12-26 10:00:00,67.25509,0.54596,5.60241,13.05,4.623,
2023-12-26 11:00:00,66.5067,1.21325,7.08095,12.95,4.505,
2023-12-26 12:00:00,68.95144,1.0616,4.90444,7.625,2.877,
2023-12-26 13:00:00,64.511,1.21325,8.79507,9.125,3.349,
2023-12-26 14:00:00,63.11401,1.03127,10.00067,7.75,3.137,
2023-12-26 15:00:00,59.871,0.81895,11.8087,10.525,4.057,
2023-12-26 16:00:00,40.96174,1.88054,28.10975,10.825,6.085,
2023-12-26 17:00:00,15.41678,2.54783,39.91935,14.875,8.491,
2023-12-26 18:00:00,13.9699,2.69949,39.68681,18.725,12.311,
2023-12-26 19:00:00,26.5927,1.21325,29.04026,17.975,12.995,
2023-12-26 20:00:00,18.36044,1.51657,34.82942,19.125,14.576,
2023-12-26 21:00:00,14.81807,1.48623,37.05333,16.225,12.476,
2023-12-26 22:00:00,20.95485,0.94027,28.06899,14.2,11.486,
2023-12-26 23:00:00,21.45378,0.69762,27.69981,12.925,10.401,
2023-12-27 00:00:00,34.42583,0.51563,18.15739,10.675,7.854,
2023-12-27 01:00:00,51.75515,0.36413,7.41233,6.625,4.623,
2023-12-27 02:00:00,53.41824,0.24276,5.93017,6.425,4.458,
2023-12-27 03:00:00,59.37208,0.15172,3.93806,4.55,3.325,
2023-12-27 04:00:00,63.51315,0.21241,3.65964,2.925,2.241,
2023-12-27 05:00:00,67.65423,0.24276,2.63995,2.3,1.651,
2023-12-27 06:00:00,67.65423,0.24276,2.77897,1.85,1.321,
2023-12-27 07:00:00,57.47616,0.2731,4.72511,1.25,0.802,
2023-12-27 08:00:00,49.74282,0.45517,6.94836,0.925,0.566,
2023-12-27 09:00:00,50.24175,0.39448,6.90239,1.2,0.896,
2023-12-27 10:00:00,53.28519,0.45517,6.62397,1.675,1.321,
2023-12-27 11:00:00,55.97939,0.60689,6.11329,1.525,1.132,
2023-12-27 12:00:00,56.37853,0.75861,6.80747,2.025,1.533,
2023-12-27 13:00:00,57.12691,0.66758,7.2251,2.55,1.675,
2023-12-27 14:00:00,66.35702,0.45517,6.57763,7.4,3.797,
2023-12-27 15:00:00,77.38327,0.42482,5.92905,10.725,4.764,
2023-12-27 16:00:00,80.72607,0.30345,3.93713,16.75,7.311,
2023-12-27 17:00:00,75.58714,0.33379,4.26133,23.6,8.821,
2023-12-27 18:00:00,72.59359,0.33379,5.23449,18.525,6.321,
2023-12-27 19:00:00,72.64348,0.2731,3.98365,21.4,8.349,
2023-12-27 20:00:00,76.43531,0.18207,2.08423,18.575,7.571,
2023-12-27 21:00:00,75.98628,0.21241,1.94502,26.075,11.863,
2023-12-27 22:00:00,75.43746,0.06069,1.4362,30.525,12.618,
2023-12-27 23:00:00,78.38112,0.09103,1.38967,22.275,9.34,
2023-12-28 00:00:00,80.4766,0.09103,1.20431,18.6,8.278,
2023-12-28 01:00:00,76.43531,0.12143,1.11173,26.875,12.264,
2023-12-28 02:00:00,75.23789,0.08095,0.98838,35.65,17.5,
2023-12-28 03:00:00,78.38112,0.2125,0.46219,22.2,10.802,
2023-12-28 04:00:00,78.58069,0.09107,0.69474,16.575,7.429,
2023-12-28 05:00:00,79.22929,0.06072,1.01941,24.65,8.915,
2023-12-28 06:00:00,75.23789,0.09107,1.01922,23.65,8.774,
2023-12-28 07:00:00,72.84305,0.18215,1.6676,19.025,7.901,
2023-12-28 08:00:00,69.94929,0.24286,2.87243,25.95,11.604,
2023-12-28 09:00:00,71.89509,0.30358,3.61372,23.975,10.802,
2023-12-28 10:00:00,75.48735,0.33394,3.52081,24.25,10.189,
2023-12-28 11:00:00,74.88864,0.33394,3.75259,22.05,9.552,
2023-12-28 12:00:00,75.88649,0.33394,3.42811,18.625,8.986,
2023-12-28 13:00:00,77.38327,0.51608,3.10246,23.1,10.684,
2023-12-28 14:00:00,74.63918,0.42501,2.91762,19.9,9.222,
2023-12-28 15:00:00,72.84305,0.36429,2.91801,16.55,7.359,
2023-12-28 16:00:00,70.548,0.39465,3.7522,20.3,8.09,
2023-12-28 17:00:00,68.95144,0.39465,4.30845,18.625,7.783,
2023-12-28 18:00:00,66.65638,0.42501,4.40097,21.6,9.363,
2023-12-28 19:00:00,67.05552,0.33394,3.42811,22.475,9.741,
2023-12-28 20:00:00,69.55015,0.24286,2.17711,18.45,7.406,
2023-12-28 21:00:00,67.10541,0.2125,1.71376,17.55,7.854,
2023-12-28 22:00:00,68.85165,0.2125,1.48199,21.25,10.118,
2023-12-28 23:00:00,70.09896,0.18215,1.52854,21.45,10.755,
2023-12-29 00:00:00,70.89724,0.12143,1.43622,24.275,11.769,
2023-12-29 01:00:00,70.38169,0.08099,1.42141,22.2,11.179,
2023-12-29 02:00:00,69.64993,0.12148,1.17385,23.075,11.25,
2023-12-29 03:00:00,71.04692,0.12148,0.92656,24.125,11.651,
2023-12-29 04:00:00,72.94284,0.09111,0.92676,23.55,11.509,
2023-12-29 05:00:00,73.44176,0.15185,0.74089,24.325,12.17,
2023-12-29 06:00:00,72.04477,0.18223,1.06526,27.95,12.901,
2023-12-29 07:00:00,71.04692,0.18223,1.20436,25.275,12.052,
2023-12-29 08:00:00,69.8495,0.33408,1.75978,25.95,11.297,
2023-12-29 09:00:00,70.29853,0.33408,1.94525,23.75,10.59,
2023-12-29 10:00:00,68.85165,0.39482,2.54763,22.35,10.401,
2023-12-29 11:00:00,66.30713,0.69853,3.75119,22.825,9.599,
2023-12-29 12:00:00,65.25939,0.78964,4.30701,21.9,9.057,
2023-12-29 13:00:00,63.66283,1.09335,6.06698,20.825,8.561,
2023-12-29 14:00:00,64.46111,0.82002,6.25426,19.85,8.113,
2023-12-29 15:00:00,66.25724,0.75927,6.11556,15.65,6.557,
2023-12-29 16:00:00,67.25509,0.63779,5.55994,15.825,6.958,
2023-12-29 17:00:00,65.60864,0.82002,6.11515,16.925,7.5,
2023-12-29 18:00:00,66.5067,0.60742,4.77189,17,7.925,
2023-12-29 19:00:00,65.25939,0.57705,3.8911,18.2,7.712,
2023-12-29 20:00:00,64.61079,0.51631,3.56692,20.4,8.349,
2023-12-29 21:00:00,64.61079,0.48593,3.05708,21.55,8.703,
2023-12-29 22:00:00,66.45681,0.48593,2.22246,16.275,6.91,
2023-12-29 23:00:00,66.25724,0.42519,2.13012,14.775,6.651,
2023-12-30 00:00:00,66.15746,0.36445,1.75958,16.4,6.533,
2023-12-30 01:00:00,66.85595,0.28358,1.29674,11.525,5.047,
2023-12-30 02:00:00,67.32161,0.20256,2.22492,9.725,3.632,
2023-12-30 03:00:00,64.31143,0.21269,2.22485,10.725,3.797,
2023-12-30 04:00:00,68.80176,0.21269,2.13209,10.475,3.491,
2023-12-30 05:00:00,60.36993,0.21269,5.3324,12.825,3.962,
2023-12-30 06:00:00,54.93164,0.18231,4.31222,11.925,4.104,
2023-12-30 07:00:00,45.15271,0.27346,5.2856,7.1,3.373,
2023-12-30 08:00:00,42.80777,0.30384,9.22781,6.475,3.278,
2023-12-30 09:00:00,47.94669,0.42538,6.67601,4.575,2.712,
2023-12-30 10:00:00,56.47831,0.42538,6.81515,3.325,2.075,
2023-12-30 11:00:00,51.08992,0.7596,9.41023,4.4,3.184,
2023-12-30 12:00:00,49.29379,0.72922,9.50319,6.025,4.481,
2023-12-30 13:00:00,50.79057,0.85076,9.64151,5.65,4.292,
2023-12-30 14:00:00,55.68003,0.78999,8.57516,4.9,3.632,
2023-12-30 15:00:00,57.72562,0.7596,8.43622,4.525,3.184,
2023-12-30 16:00:00,56.72777,0.69884,9.59616,3.65,2.665,
2023-12-30 17:00:00,58.67358,0.63807,12.75051,4.1,2.689,
2023-12-30 18:00:00,83.86929,0.27346,7.88295,11.225,5.448,
2023-12-30 19:00:00,80.67617,0.18231,8.95035,8,3.797,
2023-12-30 20:00:00,74.09036,0.30384,8.4857,3.525,2.123,
2023-12-30 21:00:00,65.55875,0.24307,10.38775,3.1,2.264,
2023-12-30 22:00:00,69.05122,0.27346,8.53229,2.3,1.675,
2023-12-30 23:00:00,69.30068,0.21269,7.37318,2.2,1.509,
2023-12-31 00:00:00,69.40047,0.09115,5.24046,2.325,1.604,
2023-12-31 01:00:00,71.51258,0.12159,3.83444,2.1,1.627,
2023-12-31 02:00:00,70.51473,0.12159,4.45303,2.425,1.816,
2023-12-31 03:00:00,68.70197,0.21278,4.73076,2,1.651,
2023-12-31 04:00:00,66.10756,0.39517,5.19342,2.425,1.58,
2023-12-31 05:00:00,65.60864,0.09119,4.68522,2.575,1.887,
2023-12-31 06:00:00,66.5067,0.09119,3.61814,3.025,2.217,
2023-12-31 07:00:00,67.30498,0.12159,3.43235,3.45,2.453,
2023-12-31 08:00:00,64.26154,0.24318,4.86973,4.025,3.066,
2023-12-31 09:00:00,59.32218,0.57755,6.53759,4.2,2.83,
2023-12-31 10:00:00,58.92304,0.51676,6.49162,4.4,2.83,
2023-12-31 11:00:00,58.47401,0.72954,6.49012,3.9,2.524,
2023-12-31 12:00:00,54.73207,1.00311,8.57596,4.3,2.453,
2023-12-31 13:00:00,50.5411,1.45907,11.5884,4.15,2.759,
2023-12-31 14:00:00,52.03788,0.72954,11.45436,4.475,2.689,
2023-12-31 15:00:00,65.15961,0.33437,4.91549,13.275,5.802,
2023-12-31 16:00:00,67.65423,0.30397,2.87433,13.575,5.967,
2023-12-31 17:00:00,68.10326,0.36477,3.61622,15.8,6.533,
2023-12-31 18:00:00,65.80821,0.42556,5.00763,16.8,7.547,
2023-12-31 19:00:00,62.06627,0.54715,5.60991,14.625,6.91,
2023-12-31 20:00:00,63.01423,0.48636,4.54326,11.85,4.764,
2023-12-31 21:00:00,61.01853,0.63834,5.23811,15.975,6.014,
2023-12-31 22:00:00,61.8667,0.27358,6.58612,11.175,3.986,
2023-12-31 23:00:00,59.62154,0.36477,7.04943,16.6,5.542,
2024-01-01 00:00:00,67.30498,0.18238,1.94729,11.4,5.236,
